{
  "definitionName" : "cpt:branding-cpt",
  "id" : "cac08da0-568a-4697-9550-b28b60147cac",
  "label" : "Customer Account Portal",
  "type" : "brandingSet",
  "values" : {
    "ActionColor" : "#0099DE",
    "BorderColor" : "#D4D4D4",
    "CardBackgroundColor" : "rgba(255, 255, 255, 0)",
    "CompanyLogo" : "",
    "DetailTextColor" : "#5A5A5A",
    "ErrorFontColor" : "#ff9e9e",
    "HeaderBackgroundColor" : "#FFFFFF",
    "HeaderFonts" : "Ek Mukta",
    "LinkColor" : "#3558D6",
    "LoginBackgroundColor" : "#F4F4F4",
    "LoginBackgroundImage" : "../../../../sfsites/picasso/core/external/salesforceIdentity/images/background.jpg?v=1",
    "NavigationMenuTextColor" : "#222222",
    "OverlayTextColor" : "#FFFFFF",
    "PageBackgroundColor" : "#F5F7FA",
    "PrimaryFont" : "Ek Mukta",
    "TextColor" : "#222222",
    "TextTransformStyle" : "none",
    "_ActionColorDarker" : "#135F90",
    "_ActionColorTrans" : "rgba(25, 124, 190, 0.9)",
    "_HeaderInputBackgroundColor" : "rgba(255,255,255,.4)",
    "_HeaderPlaceholderTextColor" : "rgba(85,85,85,.8)",
    "_HeaderTextColor" : "rgba(34,34,34,.8)",
    "_HoverColor" : "rgba(25, 124, 190, 0.05)",
    "_LinkColorDarker" : "#135F90",
    "_NavigationMenuHoverColor" : "rgba(255,255,255,.2)",
    "_OverlayTextColorShadow" : "#000000"
  }
}