{
  "appPageId" : "0d58bdb6-9225-4b36-9ff9-75998066216f",
  "componentName" : "siteforce:sldsTwoCol66Layout",
  "id" : "e36b4f54-64d9-4ff5-956f-3a18f960f67a",
  "label" : "Case_Studies_Entertainment",
  "regions" : [ {
    "components" : [ {
      "componentAttributes" : {
        "richTextValue" : "<p><img class=\"sfdcCbImage\" src=\"{!contentAsset.ELLEN_GENERAL_BANNER_3.1}\" /></p>"
      },
      "componentName" : "forceCommunity:richTextInline",
      "id" : "2d8a7c2a-9f69-45f5-aeb1-7478177390f6",
      "renderPriority" : "NEUTRAL",
      "renditionMap" : { },
      "type" : "component"
    } ],
    "id" : "cac107cd-567a-4776-8202-9a1106fbe868",
    "regionName" : "header",
    "type" : "region"
  }, {
    "components" : [ {
      "componentAttributes" : {
        "FileName1" : "069R0000001Ox6sIAC",
        "Title1" : ""
      },
      "componentName" : "c:CustomVideoGallery",
      "id" : "0e117249-b66d-420e-9bef-9b418b976a95",
      "renderPriority" : "NEUTRAL",
      "renditionMap" : { },
      "type" : "component"
    } ],
    "id" : "391c0547-9eca-4538-8b69-9abd4cc49981",
    "regionName" : "content",
    "type" : "region"
  }, {
    "components" : [ {
      "componentAttributes" : {
        "richTextValue" : "<p><br></p><p style=\"text-align: center;\"><b style=\"font-size: 18px; color: rgb(194, 133, 255);\">CASE STUDY</b></p><p style=\"text-align: center;\"><b style=\"font-size: 36px; color: rgb(255, 255, 255); background-color: rgb(194, 133, 255);\">&nbsp;&nbsp;ENTERTAINMENT&nbsp;&nbsp;</b></p><p style=\"text-align: center;\"><br></p><p style=\"text-align: center;\"><br></p><p style=\"text-align: center;\"><span style=\"font-size: 18px; color: black;\">Where do you go when you want to motivate fans to see your release? You go to the pop culture machine of ELLEN! Whether you want to drive tune-in for TV or activate ellen’s massive fanbase to go see you release, ELLEN is the ultimate destination for entertainment partners. Here’s how we partner with entertainment brands.&nbsp;</span></p>"
      },
      "componentName" : "forceCommunity:richTextInline",
      "id" : "d05d1e42-cbc5-4dcc-96d6-5f0389ddc35d",
      "renderPriority" : "NEUTRAL",
      "renditionMap" : { },
      "type" : "component"
    }, {
      "componentAttributes" : { },
      "componentName" : "c:Create_Lead_Community",
      "id" : "68c499c6-98d7-443f-a4a9-58dd9c257935",
      "renderPriority" : "NEUTRAL",
      "renditionMap" : { },
      "type" : "component"
    } ],
    "id" : "1fe850dc-3ed4-4f1a-8fe9-29fdc3d94f95",
    "regionName" : "sidebar",
    "type" : "region"
  }, {
    "id" : "d670ec9c-3b6f-44b6-9510-5f15cdacdd76",
    "regionName" : "footer",
    "type" : "region"
  }, {
    "components" : [ {
      "componentAttributes" : {
        "title" : "Case_Studies_Bubby"
      },
      "componentName" : "forceCommunity:seoAssistant",
      "id" : "fa891c52-0aa3-419b-91c1-d5b5e4aa4a53",
      "renditionMap" : { },
      "type" : "component"
    } ],
    "id" : "e55b9244-36bd-4c40-8b1c-995668b26ed8",
    "regionName" : "sfdcHiddenRegion",
    "type" : "region"
  } ],
  "themeLayoutType" : "Inner",
  "type" : "view",
  "viewType" : "custom-case-studies-entertainment"
}