{
  "appPageId" : "0d58bdb6-9225-4b36-9ff9-75998066216f",
  "componentName" : "siteforce:sldsOneColLayout",
  "id" : "c3e63247-552b-4bff-8d0c-fc8526397eb0",
  "label" : "Create Record",
  "regions" : [ {
    "id" : "fe66b77f-45bb-4cb2-b58e-1a759e1c958d",
    "regionName" : "header",
    "type" : "region"
  }, {
    "components" : [ {
      "componentAttributes" : {
        "actionApiName" : "{!actionApiName}"
      },
      "componentName" : "forceCommunity:createRecordForm",
      "id" : "057921e6-7b6c-4729-b16e-7680e33132dd",
      "renderPriority" : "NEUTRAL",
      "renditionMap" : { },
      "type" : "component"
    } ],
    "id" : "01b9709c-10b1-4c1d-8a21-261ba3c6d053",
    "regionName" : "content",
    "type" : "region"
  }, {
    "id" : "54b83230-b054-48b3-b37b-9f6d4d75fe5c",
    "regionName" : "footer",
    "type" : "region"
  } ],
  "themeLayoutType" : "Inner",
  "type" : "view",
  "viewType" : "createrecord"
}