{
  "appPageId" : "0d58bdb6-9225-4b36-9ff9-75998066216f",
  "componentName" : "siteforce:sldsTwoCol66Layout",
  "id" : "76d6b099-06b6-4a42-8ce0-f690eb253c78",
  "label" : "digital-ellentube-series-life’s first ev",
  "regions" : [ {
    "components" : [ {
      "componentAttributes" : {
        "richTextValue" : "<p><img class=\"sfdcCbImage\" src=\"{!contentAsset.ELLEN_DIGITAL_BANNER_3.1}\" /></p>"
      },
      "componentName" : "forceCommunity:richTextInline",
      "id" : "320519f0-4379-47af-a0ef-66cfd943fdb7",
      "renderPriority" : "NEUTRAL",
      "renditionMap" : { },
      "type" : "component"
    } ],
    "id" : "51d7afdf-6c4c-49f1-89b2-f75a3458fae1",
    "regionName" : "header",
    "type" : "region"
  }, {
    "components" : [ {
      "componentAttributes" : {
        "richTextValue" : "<p style=\"text-align: center;\"><br></p><p style=\"text-align: center;\"><b style=\"color: rgb(240, 102, 102); font-size: 18px;\">ELLENTUBE SERIES</b></p><p style=\"text-align: center;\"><b style=\"font-size: 36px; color: rgb(255, 255, 255); background-color: rgb(240, 102, 102);\">&nbsp;&nbsp;LIFE'S FIRST EVERS&nbsp;&nbsp;</b></p><p style=\"text-align: center;\"><br></p><p style=\"text-align: center;\"><br></p><p style=\"text-align: center;\"><span style=\"font-size: 18px;\">Ten years ago, Ellen made Jeannie’s dreams come true by offering Jeannie her first-ever job, right here at The Ellen DeGeneres Show. Now, Jeannie is paying it forward. She’ll be helping some very special Ellen fans experience some incredible things for the first time.</span></p><p style=\"text-align: center;\"><br></p><p style=\"text-align: center;\"><span style=\"font-size: 18px;\">Integration opportunities could include media sponsorships, product integrations, trade outs, and more.</span></p><p style=\"text-align: center;\"><br></p>"
      },
      "componentName" : "forceCommunity:richTextInline",
      "id" : "12db2cde-77c9-4316-a697-070dea31956d",
      "renderPriority" : "NEUTRAL",
      "renditionMap" : { },
      "type" : "component"
    }, {
      "componentAttributes" : { },
      "componentName" : "c:Create_Lead_Community",
      "id" : "c7768731-b7aa-4cd8-b209-f689693a229c",
      "renderPriority" : "NEUTRAL",
      "renditionMap" : { },
      "type" : "component"
    } ],
    "id" : "64d02fed-91e4-4d1c-92fb-f62445880d5d",
    "regionName" : "content",
    "type" : "region"
  }, {
    "components" : [ {
      "componentAttributes" : {
        "richTextValue" : "<p><img class=\"sfdcCbImage\" src=\"{!contentAsset.Lifes_First_Evers.1}\" /></p>"
      },
      "componentName" : "forceCommunity:richTextInline",
      "id" : "cafd8f9e-954b-4c9a-b5bb-5f6ae1897185",
      "renderPriority" : "NEUTRAL",
      "renditionMap" : { },
      "type" : "component"
    } ],
    "id" : "5c82743e-9ff9-4b37-b143-2cd5de255449",
    "regionName" : "sidebar",
    "type" : "region"
  }, {
    "id" : "bc32feda-473a-4ec7-b871-4f4e6f6e6ffe",
    "regionName" : "footer",
    "type" : "region"
  }, {
    "components" : [ {
      "componentAttributes" : {
        "description" : "",
        "metaTags" : "",
        "title" : "ON-AIR_Tentpole_Episode_SEASON_PREMIERE"
      },
      "componentName" : "forceCommunity:seoAssistant",
      "id" : "6dceda54-e4cb-4f26-9ed7-2a29a70922e1",
      "renditionMap" : { },
      "type" : "component"
    } ],
    "id" : "fe44c184-4135-4b2f-911e-41a39045de19",
    "regionName" : "sfdcHiddenRegion",
    "type" : "region"
  } ],
  "themeLayoutType" : "Inner",
  "type" : "view",
  "viewType" : "custom-digital-ellentube-series-lifes-first-ev"
}