{
  "appPageId" : "0d58bdb6-9225-4b36-9ff9-75998066216f",
  "componentName" : "siteforce:sldsTwoCol66Layout",
  "id" : "84b8395d-6caa-4e5d-a189-8d09466854b3",
  "label" : "DIGITAL_ellentube_series_TwitchPlease",
  "regions" : [ {
    "components" : [ {
      "componentAttributes" : {
        "richTextValue" : "<p><img class=\"sfdcCbImage\" src=\"{!contentAsset.ELLEN_DIGITAL_BANNER_3.1}\" /></p>"
      },
      "componentName" : "forceCommunity:richTextInline",
      "id" : "393d6ff8-3e0c-470d-b75e-a15ee711619e",
      "renderPriority" : "NEUTRAL",
      "renditionMap" : { },
      "type" : "component"
    } ],
    "id" : "e0a8160b-5919-4252-9803-a11ee389cc2a",
    "regionName" : "header",
    "type" : "region"
  }, {
    "components" : [ {
      "componentAttributes" : {
        "richTextValue" : "<p style=\"text-align: center;\"><br></p><p style=\"text-align: center;\"><b style=\"color: rgb(240, 102, 102); font-size: 18px;\">ELLEN ORIGINALS</b></p><p style=\"text-align: center;\"><b style=\"background-color: rgb(240, 102, 102); color: rgb(255, 255, 255); font-size: 36px;\">&nbsp;&nbsp;TWITCH PLEASE...&nbsp;&nbsp;</b></p><p style=\"text-align: center;\"><b style=\"background-color: rgb(240, 102, 102); color: rgb(255, 255, 255); font-size: 36px;\">&nbsp;&nbsp;HELP ME DANCE&nbsp;&nbsp;</b></p><p style=\"text-align: center;\"><br></p><p style=\"text-align: center;\"><br></p><p style=\"text-align: center;\"><span style=\"font-size: 18px;\">Ellen’s resident DJ, tWitch, is using his talents to help some ELLEN fans learn to dance. Watch him work his magic to help a few individuals prepare for a special occasion with a performance they will never forget!</span></p><p style=\"text-align: center;\"><br></p><p style=\"text-align: center;\"><span style=\"font-size: 18px;\">Integration opportunities could include media sponsorships, product integrations, trade outs, and more.</span></p><p style=\"text-align: center;\">&nbsp;</p>"
      },
      "componentName" : "forceCommunity:richTextInline",
      "id" : "105c18d4-c2e6-4950-bb49-e4c7b9d7f3ec",
      "renderPriority" : "NEUTRAL",
      "renditionMap" : { },
      "type" : "component"
    }, {
      "componentAttributes" : { },
      "componentName" : "c:Create_Lead_Community",
      "id" : "2d70bd70-acb4-413f-b365-a4d283bcc216",
      "renderPriority" : "NEUTRAL",
      "renditionMap" : { },
      "type" : "component"
    } ],
    "id" : "8d227af6-01c6-46a2-9583-e42ce5ee417f",
    "regionName" : "content",
    "type" : "region"
  }, {
    "id" : "c4d1fc0d-ae02-45ef-a04f-9f3c55950118",
    "regionName" : "footer",
    "type" : "region"
  }, {
    "components" : [ {
      "componentAttributes" : {
        "description" : "",
        "metaTags" : "",
        "title" : "DIGITAL_ellentube_series_TwitchPlease"
      },
      "componentName" : "forceCommunity:seoAssistant",
      "id" : "b02bf53d-20ca-4c8e-a1f6-bd7749f07225",
      "renditionMap" : { },
      "type" : "component"
    } ],
    "id" : "891d003e-5fca-4943-b70a-296686aa83dd",
    "regionName" : "sfdcHiddenRegion",
    "type" : "region"
  }, {
    "components" : [ {
      "componentAttributes" : {
        "Description1" : "",
        "Description2" : "",
        "Description3" : "",
        "FileName1" : "069R0000001P3aUIAS",
        "FileName2" : "",
        "FileName3" : "",
        "Title1" : "",
        "Title2" : "",
        "Title3" : ""
      },
      "componentName" : "c:CustomVideoGallery",
      "id" : "1dbb7e92-4ed2-46c7-838a-415fda9389b6",
      "renderPriority" : "NEUTRAL",
      "renditionMap" : { },
      "type" : "component"
    } ],
    "id" : "ce4e4e5a-814a-4e91-bda5-b24770ebbda1",
    "regionName" : "sidebar",
    "type" : "region"
  } ],
  "themeLayoutType" : "Inner",
  "type" : "view",
  "viewType" : "custom-digital-ellentube-series-twitchplease"
}