{
  "appPageId" : "0d58bdb6-9225-4b36-9ff9-75998066216f",
  "componentName" : "siteforce:sldsOneColLayout",
  "id" : "c51eb043-752e-4b40-b7bc-b2ad01f7bd13",
  "label" : "MOBILE GAMES_PSYCH!",
  "regions" : [ {
    "components" : [ {
      "componentAttributes" : {
        "richTextValue" : "<p><img class=\"sfdcCbImage\" src=\"{!contentAsset.ELLEN_MOBILE_GAMES_BANNER_3.1}\" /></p>"
      },
      "componentName" : "forceCommunity:richTextInline",
      "id" : "9411909c-8c9f-4e87-8a85-a35adc56aaab",
      "renderPriority" : "NEUTRAL",
      "renditionMap" : { },
      "type" : "component"
    } ],
    "id" : "23b075c0-ead7-4ab5-bdbf-bb3453202c59",
    "regionName" : "header",
    "type" : "region"
  }, {
    "components" : [ {
      "componentAttributes" : {
        "richTextValue" : "<p style=\"text-align: center;\"><br></p><p style=\"text-align: center;\"><b style=\"color: rgb(107, 36, 178); font-size: 18px;\">MOBILE GAMES</b></p><p style=\"text-align: center;\"><b style=\"background-color: rgb(107, 36, 178); color: rgb(255, 255, 255); font-size: 36px;\">&nbsp;&nbsp;PSYCH!&nbsp;&nbsp;</b></p><p style=\"text-align: center;\"><br></p><p style=\"text-align: center;\"><br></p><p style=\"text-align: center;\"><span style=\"color: black; font-size: 18px;\">The makers of “Heads Up!” have delivered another incredible party game, “PSYCH!” —perfect for almost any crowd. It blends trivia and bluffing for maximum hilarity, challenging everyone in the room to craft an answer to each quest ion. Answers are paired with the correct one, and players earn points by guessing right, and for each player you “PSYCH!” in to choosing yours. Can you trick people with a believable response?&nbsp;Or would you rather make them crack up with an outrageous response?&nbsp;Either way, a great time is guaranteed!</span></p><p style=\"text-align: center;\"><br></p><p style=\"text-align: center;\"><i style=\"color: black; font-size: 18px;\">Opportunities include: </i></p><ul><li style=\"text-align: center;\"><span style=\"color: black; font-size: 18px;\">Custom PSYCH! Deck inspired by your brand with logo inclusion on deck cover, description card, response card, results card and winner card </span></li><li style=\"text-align: center;\"><span style=\"color: black; font-size: 18px;\">Custom deck can include brand mascot as a player where users can interact and play against them </span></li><li style=\"text-align: center;\"><span style=\"color: black; font-size: 18px;\">Opportunity comes with a robust supporting digital media and social promotion across Ellen’s official platforms.&nbsp;</span></li></ul><p>&nbsp;</p>"
      },
      "componentName" : "forceCommunity:richTextInline",
      "id" : "5673b876-a235-4696-ad7b-5917e208ddd1",
      "renderPriority" : "NEUTRAL",
      "renditionMap" : { },
      "type" : "component"
    }, {
      "componentAttributes" : { },
      "componentName" : "c:Create_Lead_Community",
      "id" : "19fd4f07-02fa-4fa6-9561-09e3e938ab2f",
      "renderPriority" : "NEUTRAL",
      "renditionMap" : { },
      "type" : "component"
    } ],
    "id" : "4a75c89d-a974-4d95-9b6a-f846562e67ae",
    "regionName" : "content",
    "type" : "region"
  }, {
    "id" : "8d133953-5c77-46e5-86f1-546e8edaa890",
    "regionName" : "footer",
    "type" : "region"
  }, {
    "components" : [ {
      "componentAttributes" : {
        "description" : "",
        "metaTags" : "",
        "title" : "MOBILE GAMES_PSYCH!"
      },
      "componentName" : "forceCommunity:seoAssistant",
      "id" : "4acb8f79-bd4a-4342-9ba6-47ffc9637452",
      "renditionMap" : { },
      "type" : "component"
    } ],
    "id" : "df1d6eda-0b39-4591-b591-b3d3696643b1",
    "regionName" : "sfdcHiddenRegion",
    "type" : "region"
  } ],
  "themeLayoutType" : "Inner",
  "type" : "view",
  "viewType" : "custom-mobile-games-psych"
}