{
  "appPageId" : "0d58bdb6-9225-4b36-9ff9-75998066216f",
  "componentName" : "siteforce:sldsOneColLayout",
  "id" : "87a99b08-4883-49e5-bd32-5469f48c46fc",
  "label" : "Record Detail",
  "regions" : [ {
    "id" : "ec452083-04d4-4a55-814a-6c05178806f4",
    "regionName" : "header",
    "type" : "region"
  }, {
    "components" : [ {
      "componentAttributes" : {
        "recordId" : "{!recordId}"
      },
      "componentName" : "forceCommunity:recordHeadline",
      "id" : "bfe60913-d1e2-4a91-8bca-28337048d68e",
      "renderPriority" : "NEUTRAL",
      "renditionMap" : { },
      "type" : "component"
    }, {
      "componentAttributes" : {
        "detailsTabLabel" : "Details",
        "discussionsTabLabel" : "Feed",
        "recordId" : "{!recordId}",
        "relatedTabLabel" : "Related",
        "tab1Type" : "details",
        "tab2Type" : "related",
        "tab3Type" : "chatter",
        "tab4Type" : "none",
        "timelineTabLabel" : "Activity"
      },
      "componentName" : "forceCommunity:recordHomeTabs",
      "id" : "9d6d6bea-fdcc-452f-af21-912a534b9f64",
      "renderPriority" : "NEUTRAL",
      "renditionMap" : { },
      "type" : "component"
    } ],
    "id" : "ff0c3303-a138-4e7d-8335-d3792ecdeaf8",
    "regionName" : "content",
    "type" : "region"
  }, {
    "id" : "9727402f-f5d7-4508-ae29-2a4a02ebf492",
    "regionName" : "footer",
    "type" : "region"
  }, {
    "components" : [ {
      "componentAttributes" : {
        "description" : "",
        "metaTags" : "",
        "title" : "{!Record._Object}: {!Record._Title}"
      },
      "componentName" : "forceCommunity:seoAssistant",
      "id" : "101384dd-5865-47ba-abe8-e7ae2c493d62",
      "renditionMap" : { },
      "type" : "component"
    } ],
    "id" : "4b94a7e7-6565-4e51-a480-bb367d4dc24a",
    "regionName" : "sfdcHiddenRegion",
    "type" : "region"
  } ],
  "themeLayoutType" : "Inner",
  "type" : "view",
  "viewType" : "detail"
}