{
  "appPageId" : "0d58bdb6-9225-4b36-9ff9-75998066216f",
  "componentName" : "siteforce:sldsOneColLayout",
  "id" : "6d09d4a1-dd8c-412a-af57-fbfd04e74713",
  "label" : "Record List",
  "regions" : [ {
    "id" : "43984547-c363-4d94-815c-ada0fc08587f",
    "regionName" : "header",
    "type" : "region"
  }, {
    "components" : [ {
      "componentAttributes" : {
        "enableInlineEdit" : true,
        "filterName" : "{!filterId}",
        "layout" : "FULL",
        "pageSize" : 25,
        "scope" : "{!objectName}",
        "showActionBar" : true,
        "showChartsPanel" : true,
        "showDisplay" : "showall",
        "showFilterPanel" : true,
        "showImageIcon" : true,
        "showManualRefreshButton" : true,
        "showObjectName" : true,
        "showPinnedList" : true,
        "showSearchBar" : true
      },
      "componentName" : "forceCommunity:objectHome",
      "id" : "1ef3b603-3777-43f7-99df-7381bbb70013",
      "renderPriority" : "NEUTRAL",
      "renditionMap" : { },
      "type" : "component"
    } ],
    "id" : "3ff4d64c-465a-4fb6-b218-7217cb279362",
    "regionName" : "content",
    "type" : "region"
  }, {
    "id" : "65777340-6887-494d-9a4b-2c599c8d21d2",
    "regionName" : "footer",
    "type" : "region"
  } ],
  "themeLayoutType" : "Inner",
  "type" : "view",
  "viewType" : "list"
}