{
  "appPageId" : "0d58bdb6-9225-4b36-9ff9-75998066216f",
  "componentName" : "siteforce:sldsOneColLayout",
  "id" : "afe6eed5-7376-4129-948c-fd3bde308ed3",
  "label" : "Report Related List",
  "regions" : [ {
    "id" : "1d45e7d5-063f-4481-9339-c58526c1cbc5",
    "regionName" : "header",
    "type" : "region"
  }, {
    "components" : [ {
      "componentAttributes" : {
        "customTitle" : "",
        "parentRecordId" : "{!recordId}",
        "relatedListName" : "{!relationshipApiName}",
        "showBreadCrumbs" : true,
        "showCustomTitle" : false,
        "showManualRefreshButton" : true,
        "showRowNumbers" : true
      },
      "componentName" : "forceCommunity:relatedList",
      "id" : "92e04327-8375-4359-9294-b4fe3781c9e6",
      "renderPriority" : "NEUTRAL",
      "renditionMap" : { },
      "type" : "component"
    } ],
    "id" : "cdc0605d-ab56-4c7a-9f89-849e70fbec4c",
    "regionName" : "content",
    "type" : "region"
  }, {
    "id" : "e55663c8-2b8f-428e-8cf4-9c6cc2cfeddf",
    "regionName" : "footer",
    "type" : "region"
  } ],
  "themeLayoutType" : "Inner",
  "type" : "view",
  "viewType" : "relatedlist-00O"
}