{
  "appPageId" : "0d58bdb6-9225-4b36-9ff9-75998066216f",
  "componentName" : "siteforce:sldsTwoCol66Layout",
  "id" : "9a77028a-899e-4e5d-9fa6-5b8eac81f754",
  "label" : "TALENT_Dove_Cameron",
  "regions" : [ {
    "components" : [ {
      "componentAttributes" : {
        "richTextValue" : "<p><img class=\"sfdcCbImage\" src=\"{!contentAsset.ELLEN_TALENT_BANNER_34.1}\" /></p>"
      },
      "componentName" : "forceCommunity:richTextInline",
      "id" : "9ccbe616-7764-4219-a230-00a7c5b7c71a",
      "renderPriority" : "NEUTRAL",
      "renditionMap" : { },
      "type" : "component"
    } ],
    "id" : "363d9766-d50b-4564-a01a-bf181dc57df3",
    "regionName" : "header",
    "type" : "region"
  }, {
    "components" : [ {
      "componentAttributes" : {
        "richTextValue" : "<p><img class=\"sfdcCbImage\" src=\"{!contentAsset.Dove_Cameron_Headshot_2018_Martina.1}\" /></p>"
      },
      "componentName" : "forceCommunity:richTextInline",
      "id" : "52c6ab31-2aa0-4226-9f30-021b920d2de1",
      "renderPriority" : "NEUTRAL",
      "renditionMap" : { },
      "type" : "component"
    } ],
    "id" : "36ac0e97-54f8-4645-aa8b-b81d174eeb16",
    "regionName" : "content",
    "type" : "region"
  }, {
    "components" : [ {
      "componentAttributes" : {
        "richTextValue" : "<p style=\"text-align: center;\"><br></p><p style=\"text-align: center;\"><b style=\"font-size: 18px; color: rgb(255, 194, 102);\">TALENT</b></p><p style=\"text-align: center;\"><b style=\"background-color: rgb(255, 194, 102); font-size: 36px; color: rgb(255, 255, 255);\">&nbsp;&nbsp;DOVE CAMERON&nbsp;&nbsp;</b></p><p><br></p><p><br></p><p style=\"text-align: center;\"><span style=\"font-size: 18px;\">Dove Cameron, whose birth name is really Chloe Celeste Hosterman, is best known for her roles in Disney Channel’s comedic hit ‘Liv and Maddie’ for four seasons. Her performance garnered a </span><b style=\"font-size: 18px;\">Daytime Emmy</b><span style=\"font-size: 18px;\"> in the category of&nbsp;Outstanding Performer in a Children’s, Preschool Children’s or Educational and Informational Program.&nbsp;Dove&nbsp;also reprised her role of Mal,&nbsp;Maleficent’s daughter,&nbsp;in Disney’s wildly popular live-action film series ‘Descendents,’ which is&nbsp;about the teenage children of classic Disney villains.&nbsp;</span></p><p style=\"text-align: center;\"><br></p><p style=\"text-align: center;\"><span style=\"font-size: 18px;\">Her </span><b style=\"font-size: 18px;\">41 million+ social media fans</b><span style=\"font-size: 18px;\"> know she doesn’t cave in the face of adversity, like being bullied in 5th grade and why she changed her name to Dove - as an ode to her dad, who passed away from suicide when she was only 15. Cameron has impressive acting roles in her back pocket, including ‘Agents of S.H.I.E.L.D,’ Netflix’s ‘Dumplin’ and an off-Broadway stint in Clueless. When she’s not trying the latest beauty trends, she’s pursuing her passion of singing which allows her to connect in a more intimate way with her fans and share with them, her authentic self. At 24-year old, Cameron currently resides in&nbsp;Los Angeles, California.</span></p><p>&nbsp;</p>"
      },
      "componentName" : "forceCommunity:richTextInline",
      "id" : "89b1c947-ce21-42f7-bcce-166aa7cff5b4",
      "renderPriority" : "NEUTRAL",
      "renditionMap" : { },
      "type" : "component"
    }, {
      "componentAttributes" : { },
      "componentName" : "c:Create_Lead_Community",
      "id" : "7e38a448-b379-4dc6-9976-745cd7644989",
      "renderPriority" : "NEUTRAL",
      "renditionMap" : { },
      "type" : "component"
    } ],
    "id" : "44a7685c-ce9a-4ca3-af10-21125859da9f",
    "regionName" : "sidebar",
    "type" : "region"
  }, {
    "id" : "27344dee-ebd6-45f2-bee6-04bc2e95903c",
    "regionName" : "footer",
    "type" : "region"
  }, {
    "components" : [ {
      "componentAttributes" : {
        "description" : "",
        "metaTags" : "",
        "title" : "TALENT_Dove_Cameron"
      },
      "componentName" : "forceCommunity:seoAssistant",
      "id" : "5e43923a-c4a6-4f7c-9e01-49c3e15809e5",
      "renditionMap" : { },
      "type" : "component"
    } ],
    "id" : "cfc3c0ed-e031-4404-851c-408afcbba612",
    "regionName" : "sfdcHiddenRegion",
    "type" : "region"
  } ],
  "themeLayoutType" : "Inner",
  "type" : "view",
  "viewType" : "custom-talent-dove-cameron"
}