{
  "appPageId" : "0d58bdb6-9225-4b36-9ff9-75998066216f",
  "componentName" : "siteforce:sldsTwoCol66Layout",
  "id" : "d741b413-e421-40b7-ae54-cae1d5e72794",
  "label" : "TALENT_DR_SHERRY_ROSS",
  "regions" : [ {
    "components" : [ {
      "componentAttributes" : {
        "richTextValue" : "<p><img class=\"sfdcCbImage\" src=\"{!contentAsset.ELLEN_TALENT_BANNER_35.1}\" /></p>"
      },
      "componentName" : "forceCommunity:richTextInline",
      "id" : "1caf637b-1b15-495d-bc25-76e50041cf9c",
      "renderPriority" : "NEUTRAL",
      "renditionMap" : { },
      "type" : "component"
    } ],
    "id" : "0cd23a1f-aa18-4e6f-a5e2-2b76688a92e3",
    "regionName" : "header",
    "type" : "region"
  }, {
    "components" : [ {
      "componentAttributes" : {
        "richTextValue" : "<p><img class=\"sfdcCbImage\" src=\"{!contentAsset.DrSherylRoss.1}\" /></p>"
      },
      "componentName" : "forceCommunity:richTextInline",
      "id" : "9b47cb1a-e1e2-4ab5-ba22-f90f30cc8cb2",
      "renderPriority" : "NEUTRAL",
      "renditionMap" : { },
      "type" : "component"
    } ],
    "id" : "5d2ff3a5-a689-48d3-9b0e-161c9fd875fa",
    "regionName" : "content",
    "type" : "region"
  }, {
    "components" : [ {
      "componentAttributes" : {
        "richTextValue" : "<p style=\"text-align: center;\"><br></p><p style=\"text-align: center;\"><b style=\"color: rgb(255, 194, 102); font-size: 18px;\">TALENT</b></p><p style=\"text-align: center;\"><b style=\"background-color: rgb(255, 194, 102); color: rgb(255, 255, 255); font-size: 36px;\">&nbsp;&nbsp;DR. SHERRY ROSS&nbsp;&nbsp;</b></p><p style=\"text-align: center;\"><br></p><p style=\"text-align: center;\"><br></p><p style=\"text-align: center;\"><span style=\"font-size: 18px;\">Best For over 25 years, Dr. Sherry’s trailblazing mission is to change the narrative of how women talk and learn about their lady parts through a vagina revolution.</span></p><p style=\"text-align: center;\"><br></p><p style=\"text-align: center;\"><span style=\"font-size: 18px;\">From Dr. Sherry’s perspective, “Our vaginas are everything. I mean they are one of the most crucial parts of achieving real wellbeing, as they are a metaphor for who we are. And yet, as of right now, many of us can barely choke out the word.”</span></p><p style=\"text-align: center;\"><br></p><p style=\"text-align: center;\"><span style=\"font-size: 18px;\">Dr. Sherry is empowering women to have genuine conversation to elicit transformation in the way women feel about their lady power!&nbsp;</span></p><p style=\"text-align: center;\"><br></p>"
      },
      "componentName" : "forceCommunity:richTextInline",
      "id" : "f8ee3616-56b9-4594-9629-958ec5d0b51a",
      "renderPriority" : "NEUTRAL",
      "renditionMap" : { },
      "type" : "component"
    }, {
      "componentAttributes" : { },
      "componentName" : "c:Create_Lead_Community",
      "id" : "0a920608-f937-494a-81be-3fdf7bd2b84c",
      "renderPriority" : "NEUTRAL",
      "renditionMap" : { },
      "type" : "component"
    } ],
    "id" : "a35e7aa2-f83d-49a7-8f02-cd1412b71259",
    "regionName" : "sidebar",
    "type" : "region"
  }, {
    "id" : "64a8e733-e6df-4663-af85-912851f98496",
    "regionName" : "footer",
    "type" : "region"
  }, {
    "components" : [ {
      "componentAttributes" : {
        "description" : "",
        "metaTags" : "",
        "title" : "TALENT_DR_SHERRY_ROSS"
      },
      "componentName" : "forceCommunity:seoAssistant",
      "id" : "d17b9df7-225b-45ee-9ae1-32e25b61c94a",
      "renditionMap" : { },
      "type" : "component"
    } ],
    "id" : "f7ed7e5a-7f9d-41bc-a28f-b87d6528a182",
    "regionName" : "sfdcHiddenRegion",
    "type" : "region"
  } ],
  "themeLayoutType" : "Inner",
  "type" : "view",
  "viewType" : "custom-talent-dr-sherry-ross"
}