{
  "appPageId" : "e1bfac39-c86c-4265-8895-233c7d705394",
  "componentName" : "siteforce:sldsOneColLayout",
  "id" : "ab7a0e36-9b2a-448c-843c-e83efbf3f08b",
  "label" : "Login",
  "regions" : [ {
    "components" : [ {
      "componentAttributes" : { },
      "componentName" : "salesforceIdentity:communityLogo2",
      "id" : "6d9bb929-ee11-410e-8ab1-e14de6087e39",
      "renderPriority" : "NEUTRAL",
      "renditionMap" : { },
      "type" : "component"
    }, {
      "componentAttributes" : {
        "forgotPasswordLabel" : "Forgot your password?",
        "forgotPasswordUrl" : "/ForgotPassword",
        "loginButtonLabel" : "Log in",
        "passwordLabel" : "Password",
        "selfRegisterLabel" : "Not a member?",
        "selfRegisterUrl" : "/SelfRegister",
        "startUrl" : "",
        "usernameLabel" : "Username"
      },
      "componentName" : "salesforceIdentity:loginForm2",
      "id" : "1c894445-05a9-4abb-8178-e7a9a8cb4fc8",
      "renderPriority" : "NEUTRAL",
      "renditionMap" : { },
      "type" : "component"
    }, {
      "componentAttributes" : {
        "headerText" : "",
        "showHeader" : false
      },
      "componentName" : "salesforceIdentity:socialLogin2",
      "id" : "68950441-dcdc-4f94-9f25-04946e1c5dd7",
      "renderPriority" : "NEUTRAL",
      "renditionMap" : { },
      "type" : "component"
    }, {
      "componentAttributes" : {
        "employeeLoginLinkLabel" : "Are you an employee? Login here"
      },
      "componentName" : "salesforceIdentity:employeeLoginLink2",
      "id" : "d7289808-a94b-49f7-b9fe-b2b4c97c9eb8",
      "renderPriority" : "NEUTRAL",
      "renditionMap" : { },
      "type" : "component"
    } ],
    "id" : "be76cb51-9760-4d52-adc8-20913aab8ee9",
    "regionName" : "content",
    "type" : "region"
  }, {
    "components" : [ {
      "componentAttributes" : {
        "description" : "",
        "metaTags" : "",
        "title" : "Login"
      },
      "componentName" : "forceCommunity:seoAssistant",
      "id" : "9b1509f0-cbcc-4085-9d58-ecee7676669e",
      "renditionMap" : { },
      "type" : "component"
    } ],
    "id" : "c8a2e440-611d-4163-bd75-230bfcdb42ff",
    "regionName" : "sfdcHiddenRegion",
    "type" : "region"
  } ],
  "themeLayoutType" : "Login",
  "type" : "view",
  "viewType" : "login-home"
}