{
  "appPageId" : "0d58bdb6-9225-4b36-9ff9-75998066216f",
  "componentName" : "siteforce:sldsTwoCol66Layout",
  "id" : "7d15a039-4d7c-46b1-989b-f16718e21d38",
  "label" : "on-air-trade-out_Ellen Bday Show",
  "regions" : [ {
    "components" : [ {
      "componentAttributes" : {
        "richTextValue" : "<p><img class=\"sfdcCbImage\" src=\"{!contentAsset.ELLEN_ONAIR_BANNER_3.1}\" width=\"1374\" height=\"209\" /></p>"
      },
      "componentName" : "forceCommunity:richTextInline",
      "id" : "cce313fa-ce49-4b91-afbf-f74ec345fdc6",
      "renderPriority" : "NEUTRAL",
      "renditionMap" : { },
      "type" : "component"
    } ],
    "id" : "8fb7b534-031d-43ef-921a-e27cc31e2fff",
    "regionName" : "header",
    "type" : "region"
  }, {
    "components" : [ {
      "componentAttributes" : {
        "richTextValue" : "<p style=\"text-align: center;\"><br></p><p style=\"text-align: center;\"><br></p><p style=\"text-align: center;\"><b style=\"color: rgb(102, 163, 224); font-size: 18px;\">JANUARY</b></p><p style=\"text-align: center;\"><b style=\"color: rgb(255, 255, 255); background-color: rgb(102, 163, 224); font-size: 36px;\">&nbsp;&nbsp;ELLEN'S BIRTHDAY SHOW&nbsp;&nbsp;</b></p><p style=\"text-align: center;\"><br></p><p style=\"text-align: center;\"><br></p><p style=\"text-align: center;\"><span style=\"font-size: 18px;\">Every January, The Ellen DeGeneres Show goes all out for a very special day. It’s Ellen’s big birthday bash! For this big birthday celebration, we are looking for over-the-top audience giveaways for the week of her special Birthday Show. We invite your brand to be a part of the biggest party of the Season that airs in January. </span></p>"
      },
      "componentName" : "forceCommunity:richTextInline",
      "id" : "60055791-a421-4777-8326-2ea5972603fe",
      "renderPriority" : "NEUTRAL",
      "renditionMap" : { },
      "type" : "component"
    }, {
      "componentAttributes" : { },
      "componentName" : "c:Create_Lead_Community",
      "id" : "045e255e-9ea6-483e-913e-aab63c9d8d9d",
      "renderPriority" : "NEUTRAL",
      "renditionMap" : { },
      "type" : "component"
    } ],
    "id" : "82985b92-b40f-4e74-a9f4-e82463771acd",
    "regionName" : "content",
    "type" : "region"
  }, {
    "components" : [ {
      "componentAttributes" : {
        "richTextValue" : "<p><img class=\"sfdcCbImage\" src=\"{!contentAsset.Birthday_ShowTradout.1}\" /></p>"
      },
      "componentName" : "forceCommunity:richTextInline",
      "id" : "51e4797f-9d8f-4bd7-80f7-d8a731c14338",
      "renderPriority" : "NEUTRAL",
      "renditionMap" : { },
      "type" : "component"
    } ],
    "id" : "f3965b48-d762-44d5-9449-dd7c0fcfa671",
    "regionName" : "sidebar",
    "type" : "region"
  }, {
    "id" : "975da662-90f1-4654-9b22-af693fa14c7d",
    "regionName" : "footer",
    "type" : "region"
  }, {
    "components" : [ {
      "componentAttributes" : {
        "description" : "",
        "metaTags" : "",
        "title" : "ON-AIR_Tentpole_Episode_SEASON_PREMIERE"
      },
      "componentName" : "forceCommunity:seoAssistant",
      "id" : "dca4572a-a4d1-4770-9a38-e7d682ffe11d",
      "renditionMap" : { },
      "type" : "component"
    } ],
    "id" : "57e5b269-d277-4973-b933-c2be2a849bc8",
    "regionName" : "sfdcHiddenRegion",
    "type" : "region"
  } ],
  "themeLayoutType" : "Inner",
  "type" : "view",
  "viewType" : "custom-on-air-trade-out-ellen-bday-show"
}