{
  "appPageId" : "0d58bdb6-9225-4b36-9ff9-75998066216f",
  "componentName" : "siteforce:sldsTwoCol66Layout",
  "id" : "5a2dbd79-a804-4a5a-842f-48f898a45593",
  "label" : "ON-AIR_Tentpole_Episode_MOTHER’S_DAY",
  "regions" : [ {
    "components" : [ {
      "componentAttributes" : {
        "richTextValue" : "<p><img class=\"sfdcCbImage\" src=\"{!contentAsset.ELLEN_ONAIR_BANNER_3.1}\" /></p>"
      },
      "componentName" : "forceCommunity:richTextInline",
      "id" : "02e6e4b9-a5e6-4cb0-a240-429fe4ac32cf",
      "renderPriority" : "NEUTRAL",
      "renditionMap" : { },
      "type" : "component"
    } ],
    "id" : "07c0415d-c087-46ca-a2b9-4b902e4c5b12",
    "regionName" : "header",
    "type" : "region"
  }, {
    "components" : [ {
      "componentAttributes" : {
        "richTextValue" : "<p style=\"text-align: center;\"><br></p><p style=\"text-align: center;\"><b style=\"font-size: 18px; color: rgb(102, 163, 224);\">MAY</b></p><p style=\"text-align: center;\"><b style=\"font-size: 36px; background-color: rgb(102, 163, 224); color: rgb(255, 255, 255);\">&nbsp;&nbsp;MOTHER'S DAY&nbsp;&nbsp;</b></p><p style=\"text-align: center;\"><br></p><p style=\"text-align: center;\"><br></p><p style=\"text-align: center;\"><span style=\"font-size: 18px;\">Every Season, ELLEN throws the ultimate baby shower for first-time mothers!&nbsp;They are&nbsp;showered with love, kindness, and every item a new mom could need! All the while, viewers get to learn about the latest and greatest essential items for moms everywhere!&nbsp;</span></p>"
      },
      "componentName" : "forceCommunity:richTextInline",
      "id" : "cf6c7002-7726-49f7-bc42-7e8fb61e539d",
      "renderPriority" : "NEUTRAL",
      "renditionMap" : { },
      "type" : "component"
    }, {
      "componentAttributes" : { },
      "componentName" : "c:Create_Lead_Community",
      "id" : "f96b7c11-3a4d-43eb-aa6d-53f40e1cd2db",
      "renderPriority" : "NEUTRAL",
      "renditionMap" : { },
      "type" : "component"
    } ],
    "id" : "89955b14-c88e-4466-9fbb-d87884bad2b9",
    "regionName" : "content",
    "type" : "region"
  }, {
    "id" : "f4dd33d4-e135-4cdb-a9f8-13898ae401ec",
    "regionName" : "footer",
    "type" : "region"
  }, {
    "components" : [ {
      "componentAttributes" : {
        "title" : "ON-AIR_Tentpole_Episode_SEASON_PREMIERE"
      },
      "componentName" : "forceCommunity:seoAssistant",
      "id" : "6f905639-1578-4ff2-8417-7451748c719e",
      "renditionMap" : { },
      "type" : "component"
    } ],
    "id" : "9db32e9f-06ff-46b2-9888-639825d30c6a",
    "regionName" : "sfdcHiddenRegion",
    "type" : "region"
  }, {
    "components" : [ {
      "componentAttributes" : {
        "richTextValue" : "<p><img class=\"sfdcCbImage\" src=\"{!contentAsset.MothersDay.1}\" /></p>"
      },
      "componentName" : "forceCommunity:richTextInline",
      "id" : "9d5adea8-e9c8-40ac-803b-4a7591264ec5",
      "renderPriority" : "NEUTRAL",
      "renditionMap" : { },
      "type" : "component"
    } ],
    "id" : "eff767ba-5f14-47a3-9a74-41250b8cab41",
    "regionName" : "sidebar",
    "type" : "region"
  } ],
  "themeLayoutType" : "Inner",
  "type" : "view",
  "viewType" : "custom-on-air-tentpole-episode-mothers-day"
}