{
  "appPageId" : "0d58bdb6-9225-4b36-9ff9-75998066216f",
  "componentName" : "siteforce:sldsTwoCol66Layout",
  "id" : "016c54a7-c7af-4160-8d83-3e79c847da16",
  "label" : "TALENT_Kalen_Allen",
  "regions" : [ {
    "components" : [ {
      "componentAttributes" : {
        "richTextValue" : "<p><img class=\"sfdcCbImage\" src=\"{!contentAsset.ELLEN_TALENT_BANNER_3.1}\" /></p>"
      },
      "componentName" : "forceCommunity:richTextInline",
      "id" : "17d2a04a-7a2a-467f-a7d9-d0a40d91d548",
      "renderPriority" : "NEUTRAL",
      "renditionMap" : { },
      "type" : "component"
    } ],
    "id" : "64442cf2-b36f-4d60-bf23-ec1f8bc7e459",
    "regionName" : "header",
    "type" : "region"
  }, {
    "components" : [ {
      "componentAttributes" : {
        "richTextValue" : "<p><img class=\"sfdcCbImage\" src=\"{!contentAsset.Kalen_Allen.1}\" /></p>"
      },
      "componentName" : "forceCommunity:richTextInline",
      "id" : "8145bbe1-6f60-41ee-97a4-66618a25792f",
      "renderPriority" : "NEUTRAL",
      "renditionMap" : { },
      "type" : "component"
    } ],
    "id" : "1be0c6ec-5230-46ea-9512-65fb4f3f6931",
    "regionName" : "content",
    "type" : "region"
  }, {
    "id" : "f1408373-343b-417a-8016-1eb13b699ad0",
    "regionName" : "footer",
    "type" : "region"
  }, {
    "components" : [ {
      "componentAttributes" : {
        "title" : "TALENT"
      },
      "componentName" : "forceCommunity:seoAssistant",
      "id" : "a027859d-9aaa-4df9-9c99-48786eadb332",
      "renditionMap" : { },
      "type" : "component"
    } ],
    "id" : "92c71623-32e6-4e86-9a08-fb1444a5d20c",
    "regionName" : "sfdcHiddenRegion",
    "type" : "region"
  }, {
    "components" : [ {
      "componentAttributes" : {
        "richTextValue" : "<p style=\"text-align: center;\"><br></p><p style=\"text-align: center;\"><b style=\"font-size: 18px; color: rgb(255, 194, 102);\">TALENT</b></p><p style=\"text-align: center;\"><b style=\"background-color: rgb(255, 194, 102); color: rgb(255, 255, 255); font-size: 36px;\">&nbsp;&nbsp;KALEN ALLEN&nbsp;&nbsp;</b></p><p style=\"text-align: center;\"><br></p><p style=\"text-align: center;\"><br></p><p style=\"text-align: center;\"><span style=\"font-size: 18px;\">At just 23 years old and nearly 5.5 million social followers strong, laugh-out-loud viral influencer Kalen Allen is one of ELLEN’s most beloved success stories. First discovered on her show as “the best new thing on the Internet” for his colorful commentary on culinary preparations, the fast-growing media phenomenon has continued to make a name for himself through his hilarious “OMKalen” ellentube videos, where he brings his high-energy wit to trending pop culture news (the Game of Thrones finale, Coachella fashion) and red carpet events (New York Fashion Week and the latest royal wedding). In addition to more hilarious digital collaborations with his mentor Ellen (who he calls “Mama E”), the Kansas City native will be appearing on the big screen this spring alongside Seth Rogen in the comedy An American Pickle.</span></p><p style=\"text-align: center;\"><br></p>"
      },
      "componentName" : "forceCommunity:richTextInline",
      "id" : "16c81352-6a17-4a17-a9a4-ecd113688a08",
      "renderPriority" : "NEUTRAL",
      "renditionMap" : { },
      "type" : "component"
    }, {
      "componentAttributes" : { },
      "componentName" : "c:Create_Lead_Community",
      "id" : "855e5d9f-290f-4438-b3bc-1e06d094736a",
      "renderPriority" : "NEUTRAL",
      "renditionMap" : { },
      "type" : "component"
    } ],
    "id" : "a04ad2a6-2ac5-490c-91b3-a7443158fc1e",
    "regionName" : "sidebar",
    "type" : "region"
  } ],
  "themeLayoutType" : "Inner",
  "type" : "view",
  "viewType" : "custom-talent-kalen-allen"
}