{
  "definitionName" : "cpt:branding-cpt",
  "id" : "655899a5-b07c-4ed9-b90a-3248ca86b5ca",
  "label" : "Customer Account Portal",
  "type" : "brandingSet",
  "values" : {
    "ActionColor" : "rgb(50, 94, 225)",
    "BorderColor" : "rgb(88, 167, 232)",
    "CardBackgroundColor" : "rgba(255, 255, 255, 0)",
    "CompanyLogo" : "/file-asset/Ellen_White_Logo_Sans_Show_Title_1?v=1&height=300&width=300",
    "DetailTextColor" : "rgb(0, 52, 107)",
    "ErrorFontColor" : "#ff9e9e",
    "HeaderBackgroundColor" : "rgb(88, 167, 232)",
    "HeaderFonts" : "Cabin",
    "LinkColor" : "rgb(57, 178, 240)",
    "LoginBackgroundColor" : "rgb(88, 167, 232)",
    "LoginBackgroundImage" : "/file-asset/ELLEN_EDN_BANNER?v=1",
    "NavigationMenuTextColor" : "#222222",
    "OverlayTextColor" : "rgb(255, 255, 255)",
    "PageBackgroundColor" : "rgb(255, 255, 255)",
    "PrimaryFont" : "Cabin",
    "TextColor" : "rgb(74, 79, 88)",
    "TextTransformStyle" : "none",
    "_ActionColorDarker" : "#1d47c3",
    "_ActionColorTrans" : "rgba(50, 94, 225, 0.9)",
    "_HeaderInputBackgroundColor" : "rgba(255,255,255,.4)",
    "_HeaderPlaceholderTextColor" : "rgba(85,85,85,.8)",
    "_HeaderTextColor" : "rgba(34,34,34,.8)",
    "_HoverColor" : "rgba(50, 94, 225, 0.05)",
    "_LinkColorDarker" : "#13a3ed",
    "_NavigationMenuHoverColor" : "rgba(255,255,255,.2)",
    "_OverlayTextColorShadow" : "#000"
  }
}