{
  "appPageId" : "f5da25fe-322b-4ae9-8dc9-62bd16b34926",
  "componentName" : "siteforce:sldsTwoCol66Layout",
  "id" : "4958c913-b271-4a9e-a7bc-7903555c50a7",
  "label" : "Contact Us",
  "regions" : [ {
    "id" : "c02b7408-058e-4150-8a52-9876782d769c",
    "regionName" : "header",
    "type" : "region"
  }, {
    "components" : [ {
      "componentAttributes" : {
        "allowAttachments" : true,
        "attachmentLabel" : "Upload File",
        "buttonAlignment" : "center",
        "buttonBgColor" : "",
        "buttonBgHoverColor" : "",
        "buttonBorderColor" : "",
        "buttonMaxWidth" : "",
        "buttonRadius" : 0,
        "buttonTextColor" : "",
        "buttonTextHoverColor" : "",
        "callToAction" : false,
        "callToActionButtonText" : "",
        "callToActionText" : "",
        "callToActionUrl" : "",
        "confirmationSubtext" : "We’ll get back to you soon.",
        "confirmationText" : "Your case was created.",
        "guestQuickActionName" : "Select or configure a global action",
        "headerSubtitle" : "Tell us how we can help.",
        "headerTitle" : "Contact Customer Support",
        "quickActionName" : "NewCommunityCase",
        "requestSummaryText" : "Case summary"
      },
      "componentName" : "forceCommunity:contactSupportForm",
      "id" : "03e46e07-26b6-4aad-83f2-a2fb6fa54f9b",
      "renderPriority" : "NEUTRAL",
      "renditionMap" : { },
      "type" : "component"
    } ],
    "id" : "f57d1af6-8984-4b57-af0b-080ed7a425d1",
    "regionName" : "content",
    "type" : "region"
  }, {
    "components" : [ {
      "componentAttributes" : {
        "askConfirmationQuestion" : true,
        "confirmationMessageLabel" : "Got it!",
        "deflectionSubtitle" : "Find what you need here.",
        "deflectionTitle" : "Need Answers Fast?",
        "firstQuestion" : "Did this content solve your issue?",
        "maxResults" : 6,
        "measureDeflection" : true,
        "redirectUrl" : "",
        "secondQuestion" : "Stop creating your case?",
        "showArticles" : true,
        "showDiscussions" : false,
        "topicId" : ""
      },
      "componentName" : "forceCommunity:caseDeflection",
      "id" : "e61f18f5-8fcd-45a5-854c-1c27d5700806",
      "renderPriority" : "NEUTRAL",
      "renditionMap" : { },
      "type" : "component"
    } ],
    "id" : "d6cb97ae-201d-45d2-902d-98afea7a5d7f",
    "regionName" : "sidebar",
    "type" : "region"
  }, {
    "id" : "3efcf023-8379-4750-8b49-b933f888ef92",
    "regionName" : "footer",
    "type" : "region"
  }, {
    "components" : [ {
      "componentAttributes" : {
        "description" : "",
        "metaTags" : "",
        "title" : "Contact Us"
      },
      "componentName" : "forceCommunity:seoAssistant",
      "id" : "aa7d4463-d22a-4edd-97af-41873e087e6f",
      "renditionMap" : { },
      "type" : "component"
    } ],
    "id" : "41ec06e5-e393-408f-972d-b907ac486e16",
    "regionName" : "sfdcHiddenRegion",
    "type" : "region"
  } ],
  "themeLayoutType" : "Inner",
  "type" : "view",
  "viewType" : "contactsupport"
}