{
  "appPageId" : "f5da25fe-322b-4ae9-8dc9-62bd16b34926",
  "componentName" : "siteforce:sldsOneColLayout",
  "id" : "20e6a3a2-da7a-49b7-a9ad-40ef4d6f7be2",
  "label" : "Error",
  "regions" : [ {
    "id" : "d353de1b-d7a9-4f2f-9a68-f2de729975ec",
    "regionName" : "header",
    "type" : "region"
  }, {
    "components" : [ {
      "componentAttributes" : {
        "richTextValue" : " <div class='slds-grid slds-grid--vertical slds-align--absolute-center slds-container--large'>   <div class='slds-align-middle slds-m-bottom--xx-large slds-m-top--xx-large' alt='Page not available'>      <img src='/sfsites/c/img/community/slds/messaging/illustration-page-not-found.png' class='slds-p-horizontal--large'/>   </div>   <h4 class='slds-text-align--center slds-text-heading--large slds-text-color--weak slds-m-bottom--small'>Page not available</h4>    <p class='slds-text-align--center slds-text-heading--medium slds-text-color--weak'>Maybe the page was deleted, the URL is incorrect, or something else went wrong. If you know the page exists but you still can’t get to it, please ask the community administrator for help.</p>  </div>"
      },
      "componentName" : "forceCommunity:htmlBlock",
      "id" : "908a2e64-7649-414b-bb2a-37ef827ef86a",
      "renderPriority" : "NEUTRAL",
      "renditionMap" : { },
      "type" : "component"
    } ],
    "id" : "ee4de0a0-02ac-4271-bbd7-5d8a8e420c68",
    "regionName" : "content",
    "type" : "region"
  }, {
    "id" : "600fd224-1e3d-428b-923a-383d0da2a35f",
    "regionName" : "footer",
    "type" : "region"
  }, {
    "components" : [ {
      "componentAttributes" : {
        "description" : "",
        "metaTags" : "",
        "title" : "Error"
      },
      "componentName" : "forceCommunity:seoAssistant",
      "id" : "4cf23790-eda7-44cd-a0cf-107ca1f02a26",
      "renditionMap" : { },
      "type" : "component"
    } ],
    "id" : "3b3ca78e-0d21-4d94-a2a6-7b89a197bbe0",
    "regionName" : "sfdcHiddenRegion",
    "type" : "region"
  } ],
  "themeLayoutType" : "Inner",
  "type" : "view",
  "viewType" : "error"
}