{
  "appPageId" : "f5da25fe-322b-4ae9-8dc9-62bd16b34926",
  "componentName" : "siteforce:sldsTwoCol84Layout",
  "id" : "3a827756-39c7-4c6a-aba3-8934bf49952a",
  "label" : "Home",
  "regions" : [ {
    "components" : [ {
      "componentAttributes" : {
        "richTextValue" : "<img class='sfdcCbImage' src='/sfsites/c/img/community/cpt/cpt-home-banner.png'             style='width:100%;'/>"
      },
      "componentName" : "forceCommunity:richTextInline",
      "id" : "dd680be3-bcdf-45e3-91ee-c09373fc7e6d",
      "renderPriority" : "NEUTRAL",
      "renditionMap" : { },
      "type" : "component"
    }, {
      "componentAttributes" : {
        "showHoverIcon" : true,
        "tileMenuEditor" : ""
      },
      "componentName" : "forceCommunity:tileMenu",
      "id" : "20681868-8a47-42b7-a211-a5c3ecda8956",
      "renderPriority" : "NEUTRAL",
      "renditionMap" : { },
      "type" : "component"
    } ],
    "id" : "dac94b15-bf2d-403c-957e-d56d953817ea",
    "regionName" : "header",
    "type" : "region"
  }, {
    "components" : [ {
      "componentAttributes" : {
        "enableInlineEdit" : true,
        "filterName" : "MyOpenCases",
        "layout" : "STANDARD",
        "pageSize" : 5,
        "scope" : "Case",
        "showActionBar" : true,
        "showChartsPanel" : true,
        "showDisplay" : "showall",
        "showFilterPanel" : true,
        "showImageIcon" : true,
        "showManualRefreshButton" : true,
        "showObjectName" : true,
        "showPinnedList" : true,
        "showSearchBar" : true
      },
      "componentName" : "forceCommunity:objectHome",
      "id" : "f928597d-ac0a-4ff3-833d-9b06e1f9a55d",
      "renderPriority" : "NEUTRAL",
      "renditionMap" : { },
      "type" : "component"
    } ],
    "id" : "23571f22-3bff-4157-9e96-c8dc54ed7340",
    "regionName" : "content",
    "type" : "region"
  }, {
    "components" : [ {
      "componentAttributes" : {
        "deleteButtonText" : "Delete",
        "pageSize" : 10,
        "resumeButtonAlign" : "right",
        "resumeButtonLabel" : "Resume",
        "showDeleteButton" : false,
        "showNumberInTitle" : true,
        "showOwnerName" : false,
        "showPauseReason" : true,
        "showPauseStep" : true,
        "showPauseTime" : true,
        "title" : "Paused Flows"
      },
      "componentName" : "forceCommunity:pausedInterviewCard",
      "id" : "87c0a4cb-7ccf-477a-b68d-6eb73d9d67a4",
      "renderPriority" : "NEUTRAL",
      "renditionMap" : { },
      "type" : "component"
    }, {
      "componentAttributes" : {
        "richTextValue" : "             <p><b style=\"font-size: 16px;\">Quick Links</b></p>             <p><br></p>             <p><a href=\"http://www.salesforce.com/\" target=\"_blank\">Link 1</a></p>             <p><br></p>             <p><a href=\"http://www.salesforce.com/\" target=\"_blank\">Link 2</a></p>             <p><br></p>             <p><a href=\"http://www.salesforce.com/\" target=\"_blank\">Link 3</a></p>             <p><br></p>             <p><a href=\"http://www.salesforce.com/\" target=\"_blank\">Link 4</a></p>         "
      },
      "componentName" : "forceCommunity:richTextInline",
      "id" : "496e70c0-1274-4fe5-93e7-a464375c1244",
      "renderPriority" : "NEUTRAL",
      "renditionMap" : { },
      "type" : "component"
    } ],
    "id" : "2d0f589a-d6c5-436a-b796-bde1d9d32ef5",
    "regionName" : "sidebar",
    "type" : "region"
  }, {
    "id" : "994d31c1-0ddb-40aa-bcfd-3029b5d334ba",
    "regionName" : "footer",
    "type" : "region"
  }, {
    "components" : [ {
      "componentAttributes" : {
        "description" : "",
        "metaTags" : "",
        "title" : "Home"
      },
      "componentName" : "forceCommunity:seoAssistant",
      "id" : "73c71e34-2a6c-4ad5-bbd6-6c0a662db2ed",
      "renditionMap" : { },
      "type" : "component"
    } ],
    "id" : "1452de8d-4264-46ac-8c13-2837a8a4d560",
    "regionName" : "sfdcHiddenRegion",
    "type" : "region"
  } ],
  "themeLayoutType" : "Inner",
  "type" : "view",
  "viewType" : "home"
}