{
  "appPageId" : "163daf16-558f-461b-beb9-80453d52d97f",
  "componentName" : "siteforce:sldsOneColLayout",
  "id" : "dad2d252-0fd6-410c-9625-60bc824e6277",
  "label" : "Login",
  "regions" : [ {
    "components" : [ {
      "componentAttributes" : { },
      "componentName" : "salesforceIdentity:communityLogo2",
      "id" : "cfb8d7be-f549-44b4-913b-541928c54de6",
      "renderPriority" : "NEUTRAL",
      "renditionMap" : { },
      "type" : "component"
    }, {
      "componentAttributes" : {
        "forgotPasswordLabel" : "Forgot your password?",
        "forgotPasswordUrl" : "/ForgotPassword",
        "loginButtonLabel" : "Log in",
        "passwordLabel" : "Password",
        "selfRegisterLabel" : "Not a member?",
        "selfRegisterUrl" : "/SelfRegister",
        "startUrl" : "",
        "usernameLabel" : "Username"
      },
      "componentName" : "salesforceIdentity:loginForm2",
      "id" : "646a5ba6-c24e-4594-86db-26ac1909339f",
      "renderPriority" : "NEUTRAL",
      "renditionMap" : { },
      "type" : "component"
    }, {
      "componentAttributes" : {
        "headerText" : "",
        "showHeader" : false
      },
      "componentName" : "salesforceIdentity:socialLogin2",
      "id" : "04dd8a28-9c5b-4af6-8015-a9cc247cde2f",
      "renderPriority" : "NEUTRAL",
      "renditionMap" : { },
      "type" : "component"
    }, {
      "componentAttributes" : {
        "employeeLoginLinkLabel" : "Are you an employee? Login here"
      },
      "componentName" : "salesforceIdentity:employeeLoginLink2",
      "id" : "a38d7846-0233-467e-8214-48a5dbb7f44d",
      "renderPriority" : "NEUTRAL",
      "renditionMap" : { },
      "type" : "component"
    } ],
    "id" : "c209b1bf-3ccd-4a64-b9c2-27dddd6826a0",
    "regionName" : "content",
    "type" : "region"
  }, {
    "components" : [ {
      "componentAttributes" : {
        "description" : "",
        "metaTags" : "",
        "title" : "Login"
      },
      "componentName" : "forceCommunity:seoAssistant",
      "id" : "028abd96-6337-494a-9122-81ddfd878fc4",
      "renditionMap" : { },
      "type" : "component"
    } ],
    "id" : "73c0711f-c2fb-44ad-b5d2-d0b721500daa",
    "regionName" : "sfdcHiddenRegion",
    "type" : "region"
  } ],
  "themeLayoutType" : "Login",
  "type" : "view",
  "viewType" : "login-home"
}