{
  "appPageId" : "f5da25fe-322b-4ae9-8dc9-62bd16b34926",
  "componentName" : "siteforce:sldsOneColLayout",
  "id" : "bc3cec34-2e19-4d63-a33d-6daa58e21da7",
  "label" : "Record List",
  "regions" : [ {
    "id" : "4987133c-3c19-48b0-a694-cce2c2028a4a",
    "regionName" : "header",
    "type" : "region"
  }, {
    "components" : [ {
      "componentAttributes" : {
        "enableInlineEdit" : true,
        "filterName" : "{!filterId}",
        "layout" : "FULL",
        "pageSize" : 25,
        "scope" : "{!objectName}",
        "showActionBar" : true,
        "showChartsPanel" : true,
        "showDisplay" : "showall",
        "showFilterPanel" : true,
        "showImageIcon" : true,
        "showManualRefreshButton" : true,
        "showObjectName" : true,
        "showPinnedList" : true,
        "showSearchBar" : true
      },
      "componentName" : "forceCommunity:objectHome",
      "id" : "4e467b37-31aa-44ed-9198-e014492fddef",
      "renderPriority" : "NEUTRAL",
      "renditionMap" : { },
      "type" : "component"
    } ],
    "id" : "0168f564-5a40-457e-8954-ea6126a47661",
    "regionName" : "content",
    "type" : "region"
  }, {
    "id" : "d566045d-2666-49f4-a046-13846b3702e3",
    "regionName" : "footer",
    "type" : "region"
  } ],
  "themeLayoutType" : "Inner",
  "type" : "view",
  "viewType" : "list"
}