{
  "appPageId" : "163daf16-558f-461b-beb9-80453d52d97f",
  "componentName" : "siteforce:sldsOneColLayout",
  "id" : "51d37f7d-1294-4e64-b65d-3830cb4b7d71",
  "label" : "Register",
  "regions" : [ {
    "components" : [ {
      "componentAttributes" : { },
      "componentName" : "salesforceIdentity:communityLogo2",
      "id" : "bacd4df2-dc0c-434f-9361-df48fd1b552c",
      "renderPriority" : "NEUTRAL",
      "renditionMap" : { },
      "type" : "component"
    }, {
      "componentAttributes" : {
        "richTextValue" : "<div style=\"text-align: center;\">Join the community to receive personalized information and customer support.</div>"
      },
      "componentName" : "forceCommunity:richTextInline",
      "id" : "2de16c1f-6cba-4e02-90f1-e8a0b4c4071c",
      "renderPriority" : "NEUTRAL",
      "renditionMap" : { },
      "type" : "component"
    }, {
      "componentAttributes" : {
        "confirmPasswordLabel" : "Confirm Password",
        "emailLabel" : "Email",
        "extraFieldsFieldSet" : "",
        "firstnameLabel" : "First Name",
        "includePasswordField" : false,
        "lastnameLabel" : "Last Name",
        "passwordLabel" : "Create Password",
        "regConfirmUrl" : "./CheckPasswordResetEmail",
        "startUrl" : "",
        "submitButtonLabel" : "Sign Up"
      },
      "componentName" : "salesforceIdentity:selfRegister2",
      "id" : "00e4a166-f0c8-450a-9b51-6db792683490",
      "renderPriority" : "NEUTRAL",
      "renditionMap" : { },
      "type" : "component"
    }, {
      "componentAttributes" : {
        "headerText" : "",
        "showHeader" : false
      },
      "componentName" : "salesforceIdentity:socialLogin2",
      "id" : "31d1dd03-4c98-4190-9ef9-286295247e1f",
      "renderPriority" : "NEUTRAL",
      "renditionMap" : { },
      "type" : "component"
    }, {
      "componentAttributes" : {
        "richTextValue" : "<div style=\"text-align: center;\"><a href=\"./\">Already have an account?</a></div>"
      },
      "componentName" : "forceCommunity:richTextInline",
      "id" : "4d53011f-7804-4aca-934f-f24500d670ac",
      "renderPriority" : "NEUTRAL",
      "renditionMap" : { },
      "type" : "component"
    } ],
    "id" : "65e62a7e-8bfc-436d-8375-ea92dc6d3388",
    "regionName" : "content",
    "type" : "region"
  }, {
    "components" : [ {
      "componentAttributes" : {
        "description" : "",
        "metaTags" : "",
        "title" : "Register"
      },
      "componentName" : "forceCommunity:seoAssistant",
      "id" : "e392dec3-bd8b-4d33-ba51-4846e4eb1c2f",
      "renditionMap" : { },
      "type" : "component"
    } ],
    "id" : "d079960b-9e64-4ca5-a1e9-0e0ecdcaec1f",
    "regionName" : "sfdcHiddenRegion",
    "type" : "region"
  } ],
  "themeLayoutType" : "Login",
  "type" : "view",
  "viewType" : "self-register"
}